{"count":1,"self":130.2764928,"total":130.778745,"children":{"InitializeActuators":{"count":3,"self":0.0019944999999999997,"total":0.0019944999999999997,"children":null},"InitializeSensors":{"count":3,"self":0.0019664,"total":0.0019664,"children":null},"AgentSendState":{"count":5959,"self":0.072269,"total":0.08661569999999999,"children":{"CollectObservations":{"count":853,"self":0.0066891999999999993,"total":0.0066891999999999993,"children":null},"WriteActionMask":{"count":853,"self":0.0028103,"total":0.0028103,"children":null},"RequestDecision":{"count":853,"self":0.0048471999999999994,"total":0.0048471999999999994,"children":null}}},"DecideAction":{"count":5959,"self":0.3788721,"total":0.3788721,"children":null},"AgentAct":{"count":5959,"self":0.0308109,"total":0.0308109,"children":null}},"gauges":{},"metadata":{"timer_format_version":"0.1.0","start_time_seconds":"1638239004","unity_version":"2020.3.7f1","command_line_arguments":"D:\\Air_Hockey_AI_Opponent\\Build\\Air_Hockey_AI_Opponent.exe","communication_protocol_version":"1.5.0","com.unity.ml-agents_version":"2.0.0","scene_name":"Game","end_time_seconds":"1638239135"}}